{
    "sage.doctest": {
        "walltime": 1.3113021850585938e-05
    },
    "sage.doctest.all": {
        "walltime": 1.3113021850585938e-05
    },
    "sage.doctest.control": {
        "failed": true,
        "walltime": 0.2635500431060791
    },
    "sage.doctest.external": {
        "walltime": 0.06741189956665039
    },
    "sage.doctest.fixtures": {
        "failed": true,
        "walltime": 0.0359957218170166
    },
    "sage.doctest.forker": {
        "failed": true,
        "walltime": 2.6629011631011963
    },
    "sage.doctest.parsing": {
        "failed": true,
        "walltime": 0.7401559352874756
    },
    "sage.doctest.reporting": {
        "walltime": 0.2849252223968506
    },
    "sage.doctest.sources": {
        "failed": true,
        "walltime": 0.5977840423583984
    },
    "sage.doctest.test": {
        "walltime": 1.982832908630371
    },
    "sage.doctest.util": {
        "walltime": 0.5944299697875977
    },
    "sage.misc.sage_eval": {
        "failed": true,
        "walltime": 0.038175106048583984
    },
    "sage.misc.sage_input": {
        "failed": true,
        "walltime": 0.4307830333709717
    },
    "sage.repl": {
        "walltime": 2.5033950805664062e-05
    },
    "sage.repl.all": {
        "walltime": 2.5987625122070312e-05
    },
    "sage.repl.attach": {
        "walltime": 3.437380075454712
    },
    "sage.repl.configuration": {
        "walltime": 2.7544138431549072
    },
    "sage.repl.display": {
        "walltime": 1.3828277587890625e-05
    },
    "sage.repl.display.fancy_repr": {
        "failed": true,
        "walltime": 0.030727148056030273
    },
    "sage.repl.display.formatter": {
        "walltime": 2.386683940887451
    },
    "sage.repl.display.jsmol_iframe": {
        "walltime": 0.037473201751708984
    },
    "sage.repl.display.pretty_print": {
        "failed": true,
        "walltime": 0.02075791358947754
    },
    "sage.repl.display.util": {
        "walltime": 0.01449894905090332
    },
    "sage.repl.inputhook": {
        "walltime": 2.2151050567626953
    },
    "sage.repl.interface_magic": {
        "failed": true,
        "walltime": 2.194502115249634
    },
    "sage.repl.interpreter": {
        "failed": true,
        "walltime": 2.6316990852355957
    },
    "sage.repl.ipython_extension": {
        "failed": true,
        "walltime": 3.106325626373291
    },
    "sage.repl.ipython_kernel": {
        "walltime": 1.9073486328125e-05
    },
    "sage.repl.ipython_kernel.__main__": {
        "walltime": 2.193450927734375e-05
    },
    "sage.repl.ipython_kernel.all_jupyter": {
        "walltime": 0.001596212387084961
    },
    "sage.repl.ipython_kernel.install": {
        "failed": true,
        "walltime": 1.9082601070404053
    },
    "sage.repl.ipython_kernel.interact": {
        "failed": true,
        "walltime": 2.148192882537842
    },
    "sage.repl.ipython_kernel.kernel": {
        "walltime": 2.0044569969177246
    },
    "sage.repl.ipython_kernel.widgets": {
        "failed": true,
        "walltime": 1.9248549938201904
    },
    "sage.repl.ipython_kernel.widgets_sagenb": {
        "failed": true,
        "walltime": 1.6160268783569336
    },
    "sage.repl.ipython_tests": {
        "failed": true,
        "walltime": 2.0293140411376953
    },
    "sage.repl.load": {
        "failed": true,
        "walltime": 0.027601003646850586
    },
    "sage.repl.preparse": {
        "failed": true,
        "walltime": 0.6440131664276123
    },
    "sage.repl.prompts": {
        "walltime": 0.0015411376953125
    },
    "sage.repl.rich_output": {
        "walltime": 2.2172927856445312e-05
    },
    "sage.repl.rich_output.backend_base": {
        "failed": true,
        "walltime": 0.07545804977416992
    },
    "sage.repl.rich_output.backend_doctest": {
        "walltime": 0.04726886749267578
    },
    "sage.repl.rich_output.backend_emacs": {
        "walltime": 0.021202802658081055
    },
    "sage.repl.rich_output.backend_ipython": {
        "walltime": 0.3541591167449951
    },
    "sage.repl.rich_output.buffer": {
        "walltime": 0.05264997482299805
    },
    "sage.repl.rich_output.display_manager": {
        "failed": true,
        "walltime": 0.08336400985717773
    },
    "sage.repl.rich_output.output_basic": {
        "walltime": 0.04804086685180664
    },
    "sage.repl.rich_output.output_browser": {
        "walltime": 0.016709089279174805
    },
    "sage.repl.rich_output.output_catalog": {
        "walltime": 0.0015769004821777344
    },
    "sage.repl.rich_output.output_graphics": {
        "walltime": 0.04785799980163574
    },
    "sage.repl.rich_output.output_graphics3d": {
        "walltime": 0.05477094650268555
    },
    "sage.repl.rich_output.output_video": {
        "walltime": 0.03757810592651367
    },
    "sage.repl.rich_output.preferences": {
        "walltime": 0.06324505805969238
    },
    "sage.repl.rich_output.pretty_print": {
        "failed": true,
        "walltime": 0.032537221908569336
    },
    "sage.repl.rich_output.test_backend": {
        "failed": true,
        "walltime": 0.03331494331359863
    },
    "sage.repl.user_globals": {
        "failed": true,
        "walltime": 0.0345461368560791
    }
}