{
    "sage.doctest": {
        "walltime": 1.1920928955078125e-05
    },
    "sage.doctest.all": {
        "walltime": 1.2874603271484375e-05
    },
    "sage.doctest.control": {
        "failed": true,
        "walltime": 1000000.0
    },
    "sage.doctest.external": {
        "walltime": 0.09238290786743164
    },
    "sage.doctest.fixtures": {
        "failed": true,
        "walltime": 0.037396907806396484
    },
    "sage.doctest.forker": {
        "failed": true,
        "walltime": 2.9036412239074707
    },
    "sage.doctest.parsing": {
        "failed": true,
        "walltime": 1.0061588287353516
    },
    "sage.doctest.reporting": {
        "walltime": 0.28805994987487793
    },
    "sage.doctest.sources": {
        "failed": true,
        "walltime": 0.8103640079498291
    },
    "sage.doctest.test": {
        "walltime": 2.308044910430908
    },
    "sage.doctest.util": {
        "walltime": 0.6020698547363281
    },
    "sage.misc.sage_eval": {
        "failed": true,
        "walltime": 0.03503894805908203
    },
    "sage.misc.sage_input": {
        "failed": true,
        "walltime": 0.5711359977722168
    },
    "sage.repl": {
        "walltime": 1.5974044799804688e-05
    },
    "sage.repl.all": {
        "walltime": 1.6927719116210938e-05
    },
    "sage.repl.attach": {
        "walltime": 4.063691139221191
    },
    "sage.repl.configuration": {
        "walltime": 3.580157995223999
    },
    "sage.repl.display": {
        "walltime": 1.7881393432617188e-05
    },
    "sage.repl.display.fancy_repr": {
        "failed": true,
        "walltime": 0.03377819061279297
    },
    "sage.repl.display.formatter": {
        "walltime": 3.077008008956909
    },
    "sage.repl.display.jsmol_iframe": {
        "walltime": 0.03763270378112793
    },
    "sage.repl.display.pretty_print": {
        "failed": true,
        "walltime": 0.019878864288330078
    },
    "sage.repl.display.util": {
        "walltime": 0.01500082015991211
    },
    "sage.repl.image": {
        "walltime": 0.009230852127075195
    },
    "sage.repl.inputhook": {
        "walltime": 2.8401312828063965
    },
    "sage.repl.interface_magic": {
        "failed": true,
        "walltime": 2.821561098098755
    },
    "sage.repl.interpreter": {
        "failed": true,
        "walltime": 3.910961866378784
    },
    "sage.repl.ipython_extension": {
        "failed": true,
        "walltime": 3.0714738368988037
    },
    "sage.repl.ipython_kernel": {
        "walltime": 1.3113021850585938e-05
    },
    "sage.repl.ipython_kernel.__main__": {
        "walltime": 1.5020370483398438e-05
    },
    "sage.repl.ipython_kernel.all_jupyter": {
        "walltime": 0.0014872550964355469
    },
    "sage.repl.ipython_kernel.install": {
        "failed": true,
        "walltime": 2.4241766929626465
    },
    "sage.repl.ipython_kernel.interact": {
        "failed": true,
        "walltime": 2.303104877471924
    },
    "sage.repl.ipython_kernel.kernel": {
        "walltime": 2.3928980827331543
    },
    "sage.repl.ipython_kernel.widgets": {
        "failed": true,
        "walltime": 2.2856409549713135
    },
    "sage.repl.ipython_kernel.widgets_sagenb": {
        "failed": true,
        "walltime": 1.9353961944580078
    },
    "sage.repl.ipython_tests": {
        "failed": true,
        "walltime": 1.1672089099884033
    },
    "sage.repl.load": {
        "failed": true,
        "walltime": 0.04596877098083496
    },
    "sage.repl.preparse": {
        "failed": true,
        "walltime": 0.5361199378967285
    },
    "sage.repl.prompts": {
        "walltime": 0.0016682147979736328
    },
    "sage.repl.rich_output": {
        "walltime": 9.775161743164062e-06
    },
    "sage.repl.rich_output.backend_base": {
        "failed": true,
        "walltime": 0.0824289321899414
    },
    "sage.repl.rich_output.backend_doctest": {
        "walltime": 0.04854893684387207
    },
    "sage.repl.rich_output.backend_emacs": {
        "walltime": 0.021325111389160156
    },
    "sage.repl.rich_output.backend_ipython": {
        "walltime": 0.4197371006011963
    },
    "sage.repl.rich_output.buffer": {
        "walltime": 0.05136513710021973
    },
    "sage.repl.rich_output.display_manager": {
        "failed": true,
        "walltime": 0.09068417549133301
    },
    "sage.repl.rich_output.output_basic": {
        "walltime": 0.050901174545288086
    },
    "sage.repl.rich_output.output_browser": {
        "walltime": 0.01867198944091797
    },
    "sage.repl.rich_output.output_catalog": {
        "walltime": 0.0016188621520996094
    },
    "sage.repl.rich_output.output_graphics": {
        "walltime": 0.04993486404418945
    },
    "sage.repl.rich_output.output_graphics3d": {
        "walltime": 0.05600881576538086
    },
    "sage.repl.rich_output.output_video": {
        "walltime": 0.03778386116027832
    },
    "sage.repl.rich_output.preferences": {
        "walltime": 0.06389713287353516
    },
    "sage.repl.rich_output.pretty_print": {
        "failed": true,
        "walltime": 0.0302579402923584
    },
    "sage.repl.rich_output.test_backend": {
        "failed": true,
        "walltime": 0.03464221954345703
    },
    "sage.repl.user_globals": {
        "walltime": 0.007019996643066406
    }
}