{
    "sage.doctest": {
        "walltime": 2.4080276489257812e-05
    },
    "sage.doctest.all": {
        "walltime": 2.2172927856445312e-05
    },
    "sage.doctest.control": {
        "failed": true,
        "walltime": 1000000.0
    },
    "sage.doctest.external": {
        "walltime": 0.06339287757873535
    },
    "sage.doctest.fixtures": {
        "failed": true,
        "walltime": 0.033445119857788086
    },
    "sage.doctest.forker": {
        "failed": true,
        "walltime": 2.3069629669189453
    },
    "sage.doctest.parsing": {
        "failed": true,
        "walltime": 0.3964509963989258
    },
    "sage.doctest.reporting": {
        "walltime": 0.11778402328491211
    },
    "sage.doctest.sources": {
        "failed": true,
        "walltime": 0.3312859535217285
    },
    "sage.doctest.test": {
        "walltime": 1.6213710308074951
    },
    "sage.doctest.util": {
        "walltime": 0.5666611194610596
    },
    "sage.misc.sage_eval": {
        "failed": true,
        "walltime": 0.02058577537536621
    },
    "sage.misc.sage_input": {
        "failed": true,
        "walltime": 0.3306889533996582
    },
    "sage.repl": {
        "walltime": 2.6226043701171875e-05
    },
    "sage.repl.all": {
        "walltime": 2.574920654296875e-05
    },
    "sage.repl.attach": {
        "walltime": 3.149367094039917
    },
    "sage.repl.configuration": {
        "walltime": 2.313433885574341
    },
    "sage.repl.display": {
        "walltime": 4.100799560546875e-05
    },
    "sage.repl.display.fancy_repr": {
        "failed": true,
        "walltime": 0.0269620418548584
    },
    "sage.repl.display.formatter": {
        "walltime": 1.889815092086792
    },
    "sage.repl.display.jsmol_iframe": {
        "walltime": 0.0303800106048584
    },
    "sage.repl.display.pretty_print": {
        "failed": true,
        "walltime": 0.01616215705871582
    },
    "sage.repl.display.util": {
        "walltime": 0.012164115905761719
    },
    "sage.repl.image": {
        "walltime": 0.006186008453369141
    },
    "sage.repl.inputhook": {
        "walltime": 1.614098310470581
    },
    "sage.repl.interface_magic": {
        "failed": true,
        "walltime": 0.8373880386352539
    },
    "sage.repl.interpreter": {
        "failed": true,
        "walltime": 0.5898633003234863
    },
    "sage.repl.ipython_extension": {
        "failed": true,
        "walltime": 1.9320178031921387
    },
    "sage.repl.ipython_kernel": {
        "walltime": 3.6716461181640625e-05
    },
    "sage.repl.ipython_kernel.__main__": {
        "walltime": 4.506111145019531e-05
    },
    "sage.repl.ipython_kernel.all_jupyter": {
        "walltime": 0.0010249614715576172
    },
    "sage.repl.ipython_kernel.install": {
        "failed": true,
        "walltime": 0.14170289039611816
    },
    "sage.repl.ipython_kernel.interact": {
        "failed": true,
        "walltime": 0.24570703506469727
    },
    "sage.repl.ipython_kernel.kernel": {
        "walltime": 0.35580897331237793
    },
    "sage.repl.ipython_kernel.widgets": {
        "failed": true,
        "walltime": 0.3342151641845703
    },
    "sage.repl.ipython_kernel.widgets_sagenb": {
        "failed": true,
        "walltime": 0.22058987617492676
    },
    "sage.repl.ipython_tests": {
        "failed": true,
        "walltime": 0.5021328926086426
    },
    "sage.repl.load": {
        "failed": true,
        "walltime": 0.02813410758972168
    },
    "sage.repl.preparse": {
        "failed": true,
        "walltime": 0.3464779853820801
    },
    "sage.repl.prompts": {
        "walltime": 0.001161813735961914
    },
    "sage.repl.rich_output": {
        "walltime": 3.0994415283203125e-05
    },
    "sage.repl.rich_output.backend_base": {
        "failed": true,
        "walltime": 0.06095600128173828
    },
    "sage.repl.rich_output.backend_doctest": {
        "walltime": 0.03639984130859375
    },
    "sage.repl.rich_output.backend_emacs": {
        "walltime": 0.017611026763916016
    },
    "sage.repl.rich_output.backend_ipython": {
        "walltime": 0.29044198989868164
    },
    "sage.repl.rich_output.buffer": {
        "walltime": 0.03690004348754883
    },
    "sage.repl.rich_output.display_manager": {
        "failed": true,
        "walltime": 0.05776619911193848
    },
    "sage.repl.rich_output.output_basic": {
        "walltime": 0.028074979782104492
    },
    "sage.repl.rich_output.output_browser": {
        "walltime": 0.014556169509887695
    },
    "sage.repl.rich_output.output_catalog": {
        "walltime": 0.0014691352844238281
    },
    "sage.repl.rich_output.output_graphics": {
        "walltime": 0.03389596939086914
    },
    "sage.repl.rich_output.output_graphics3d": {
        "walltime": 0.04076886177062988
    },
    "sage.repl.rich_output.output_video": {
        "walltime": 0.02595210075378418
    },
    "sage.repl.rich_output.preferences": {
        "walltime": 0.043431997299194336
    },
    "sage.repl.rich_output.pretty_print": {
        "failed": true,
        "walltime": 0.022951841354370117
    },
    "sage.repl.rich_output.test_backend": {
        "failed": true,
        "walltime": 0.024137020111083984
    },
    "sage.repl.user_globals": {
        "walltime": 0.004284858703613281
    }
}